{
    "lat_min": 55.054806000000006,
    "lat_max": 58.22741625,
    "lon_min": 5.32997025,
    "lon_max": 11.572964571428571,
    "sog_max": 7.219364133333333
}