{
    "lat_min": 54.653553,
    "lat_max": 58.76102,
    "lon_min": 5.32997025,
    "lon_max": 16.806649999999998,
    "sog_max": 12.912544400000002
}